nombre,web,tipos
156008039-001,www.consolatdemar.com,Productos culturales en soporte físico
348637554,www.cartujacenter.com,"Artes en vivo, patrimonio cultural y artes audiovisuales"
"ABEJA SONORA, S.L (AUDITORIO PEDRO DIAZ)",,"Artes en vivo, patrimonio cultural y artes audiovisuales"
A.E. Fowler Instrumentos Musicales ,www.fowlerinstruments.com,"Consumo digital o online, Productos culturales en soporte físico"
Agenda OPERA 2001 ,,"Artes en vivo, patrimonio cultural y artes audiovisuales"
Aonaentradas,https://aonaentradas.com/,"Consumo digital o online, Artes en vivo, patrimonio cultural y artes audiovisuales, Productos culturales en soporte físico"
APP CONSTANTINA,,"Consumo digital o online, Productos culturales en soporte físico"
ARENAL SOUND,www.arenalsound.com,"Artes en vivo, patrimonio cultural y artes audiovisuales"
ARTESIETE ALHSUR,,"Artes en vivo, patrimonio cultural y artes audiovisuales"
ASTROBARCELONA,www.astronomia.barcelona,"Artes en vivo, patrimonio cultural y artes audiovisuales"
ASTROLIBROS.2,www.astrolibros.com,Productos culturales en soporte físico
A TENDA DOS LIBROS,,Productos culturales en soporte físico
Atrapa Entradas,www.atrapaentradas.com,"Artes en vivo, patrimonio cultural y artes audiovisuales"
Atrium Viladecans,https://atriumviladecans.com,"Artes en vivo, patrimonio cultural y artes audiovisuales"
AUDITORI DE MANACOR,,"Artes en vivo, patrimonio cultural y artes audiovisuales"
"AUDITORIO DE TENERIFE, S.A.U.",,"Artes en vivo, patrimonio cultural y artes audiovisuales"
Auditorio El Carmelo,,"Artes en vivo, patrimonio cultural y artes audiovisuales"
AUTOCINES MADRID,www.autocines.com,"Artes en vivo, patrimonio cultural y artes audiovisuales"
AYUNTAMIENTO DE VILLASECA DE LA SAGRA,www.villasecadelasagra.es,"Artes en vivo, patrimonio cultural y artes audiovisuales"
BAILA.FM,,"Artes en vivo, patrimonio cultural y artes audiovisuales"
BARCELONA ROCK FEST,www.barcelonarockfest.com,"Artes en vivo, patrimonio cultural y artes audiovisuales"
Batidora Ediciones,https://batidoraediciones.es,Productos culturales en soporte físico
bclever,www.bclever.ai,Consumo digital o online
BCLEVER  APP,www.bclever.ai,"Artes en vivo, patrimonio cultural y artes audiovisuales"
bikubo,https://bikubo.com,"Consumo digital o online, Artes en vivo, patrimonio cultural y artes audiovisuales, Productos culturales en soporte físico"
Bilbao Museoa web,https://bilbaomuseoa.eus/,"Artes en vivo, patrimonio cultural y artes audiovisuales, Productos culturales en soporte físico"
bonodiscotecasmallorca.com,www.bonodiscotecasmallorca.com,"Artes en vivo, patrimonio cultural y artes audiovisuales"
BONUS TRACK,,Productos culturales en soporte físico
BRAVA MADRID,https://bravamadrid.com/,"Artes en vivo, patrimonio cultural y artes audiovisuales"
BRILLA TORREVIEJA,www.brillatorrevieja.com,"Artes en vivo, patrimonio cultural y artes audiovisuales, Productos culturales en soporte físico"
BROT CULTURAL,www.larambleta.com,"Artes en vivo, patrimonio cultural y artes audiovisuales"
caballodelmalo.com,https://caballodelmalo.com/,Productos culturales en soporte físico
CALLE ATOCHA 49,,"Artes en vivo, patrimonio cultural y artes audiovisuales"
"Calle Salzillo - Soportales de la Catedral, Letra E",,Productos culturales en soporte físico
CanetRock,https://www.canetrock.cat,"Artes en vivo, patrimonio cultural y artes audiovisuales"
CARLIN ,,Productos culturales en soporte físico
CARLIN UBEDA,,Productos culturales en soporte físico
"CARRETERA D,ESPLUGUES 1 , 19 - 08940-COENALLÁ DE LLOBREGAT - BARCELONA",,"Artes en vivo, patrimonio cultural y artes audiovisuales"
Casa de Cultura Intxaurrondo,,"Consumo digital o online, Artes en vivo, patrimonio cultural y artes audiovisuales, Productos culturales en soporte físico"
Casa de Cultura Lugaritz,,"Consumo digital o online, Artes en vivo, patrimonio cultural y artes audiovisuales, Productos culturales en soporte físico"
CASA DE LA CULTURA,,"Artes en vivo, patrimonio cultural y artes audiovisuales"
casagato libreria,www.casagatolibreria.es,Productos culturales en soporte físico
CASA PLANAS,,"Artes en vivo, patrimonio cultural y artes audiovisuales"
Casas del Tratado,,"Artes en vivo, patrimonio cultural y artes audiovisuales"
Castillo de Manzanares el Real,,"Artes en vivo, patrimonio cultural y artes audiovisuales"
CAT CINES,www.catcines.cat,"Artes en vivo, patrimonio cultural y artes audiovisuales"
C.C. EL MNIRADOR DE BURGOS-CTRA. BURGOS-SANTANDER KM.2 (09006-BURGOS),,"Artes en vivo, patrimonio cultural y artes audiovisuales"
Centro Niemeyer. Tienda,,"Artes en vivo, patrimonio cultural y artes audiovisuales, Productos culturales en soporte físico"
CENTRO PAPELERIA,,Productos culturales en soporte físico
CHANTECLAIR,HTTPS://chanteclair.es,"Artes en vivo, patrimonio cultural y artes audiovisuales"
C/Horno de Abad 12 Granada,,Productos culturales en soporte físico
Ciclópea,https://www.ciclopea.es/tienda/,Productos culturales en soporte físico
CINE ABC GRAN TURIA,,"Artes en vivo, patrimonio cultural y artes audiovisuales"
CINEMES CAN CASTELLET,https://www.cinemescancastellet.com/,"Artes en vivo, patrimonio cultural y artes audiovisuales"
CINESA,www.cinesa.es,"Artes en vivo, patrimonio cultural y artes audiovisuales"
CINES GORBEIA,,"Artes en vivo, patrimonio cultural y artes audiovisuales"
CINES LA DEHESA CUADERNILLOS,,"Artes en vivo, patrimonio cultural y artes audiovisuales"
CINES LA DEHESA ISLANTILLA,,"Artes en vivo, patrimonio cultural y artes audiovisuales"
CINES LA DEHESA PONFERRADA,,"Artes en vivo, patrimonio cultural y artes audiovisuales"
CINES LA DEHESA TOMELLOSO,,"Artes en vivo, patrimonio cultural y artes audiovisuales"
Cines Moix Negre,,"Artes en vivo, patrimonio cultural y artes audiovisuales"
CINES MONUMENTAL,WWW.CINESDEALMERIA.COM,"Artes en vivo, patrimonio cultural y artes audiovisuales"
CINES NIESSEN,,"Artes en vivo, patrimonio cultural y artes audiovisuales"
CINEZONA WEB,www.cczonaeste.com,"Artes en vivo, patrimonio cultural y artes audiovisuales"
Circus Arts Foundation,https://circusartsfoundation.org/,"Artes en vivo, patrimonio cultural y artes audiovisuales"
CLICK AND PLAN,www.clickandplan.es,Consumo digital o online
"CME,S.A.",,Consumo digital o online
codetickets,https://entradas.codetickets.com/entradas/showforvenue/online,"Artes en vivo, patrimonio cultural y artes audiovisuales"
CODETICKETS,www.codetickets.com,Consumo digital o online
Concertados.com,https://concertados.com/evento/festival-gigante-2025,"Artes en vivo, patrimonio cultural y artes audiovisuales"
Concilyando coworking,,Productos culturales en soporte físico
CONEXIÓN VALLADOLID FESTIVAL,www.conexionvalladolid.es,"Artes en vivo, patrimonio cultural y artes audiovisuales"
CONTREBIA FESTIVAL ,https://www.contrebia.es/,"Artes en vivo, patrimonio cultural y artes audiovisuales"
COPISTERÍA OSITOS & LA ANTIGUA LIBRERÍA,,Productos culturales en soporte físico
CORDELERIA 32-3º,,Productos culturales en soporte físico
Correos Market,https://www.market.correos.es/collection/bono-cultural-joven,Consumo digital o online
"C/POETA VILLAESPESA, 1 C.P 04001 (ALMERÍA) TEATRO CERVANTES",,"Artes en vivo, patrimonio cultural y artes audiovisuales"
Daniel Masa Sanchez,,Consumo digital o online
D'CORES COPISTERIA PAPELERIA,,Productos culturales en soporte físico
DEEP DELAY PRODUCCIONES SL,https://molanlos90.com/,"Artes en vivo, patrimonio cultural y artes audiovisuales"
DEEP DELAY PRODUCCIONES SL,https://latrendfest.com/,"Artes en vivo, patrimonio cultural y artes audiovisuales"
DEEP DELAY PRODUCCIONES SL,https://molanlos2000.com/,"Artes en vivo, patrimonio cultural y artes audiovisuales"
Diario Córdoba S.A.U,,"Consumo digital o online, Productos culturales en soporte físico"
DICE,https://dice.fm/,"Artes en vivo, patrimonio cultural y artes audiovisuales"
DIOGENES LITERARIO,www.negraehistorica.com,Productos culturales en soporte físico
DIREVA,,Productos culturales en soporte físico
DISCOS EL RINCON,,Productos culturales en soporte físico
Distrito GAMA,,Productos culturales en soporte físico
DON DISCO,,Productos culturales en soporte físico
DonTicket,https://donticket.com/,"Artes en vivo, patrimonio cultural y artes audiovisuales"
Dub Elements,www.dubelements.com/tickets,"Artes en vivo, patrimonio cultural y artes audiovisuales"
DUNE COMICS,,Productos culturales en soporte físico
EDICIONES BABYLON,https://tienda.edicionesbabylon.es/,"Consumo digital o online, Productos culturales en soporte físico"
Ediciones Fatcap,http://www.edicionesfatcap.es,Productos culturales en soporte físico
EDIFICIO GRUPO PRENSA,,Productos culturales en soporte físico
EDITORIAL CERBERO,https://www.editorialcerbero.com/?srsltid=AfmBOoqCzvDn_MRzTYL4CC3GhtuEOZ0ELfKRjd3_ao7G_4QB0GzKBVp4,"Consumo digital o online, Productos culturales en soporte físico"
Editorial Kolima,https://www.editorialkolima.com/,"Consumo digital o online, Productos culturales en soporte físico"
ELDIARIO.ES,,Consumo digital o online
EL JARDIN DE LAS DELICIAS,https://www.jardindeliciasfestival.com,"Artes en vivo, patrimonio cultural y artes audiovisuales"
EL PAIS,https://elpais.com/,Consumo digital o online
El passeig 2012 CB.,,Productos culturales en soporte físico
EL  PRINCIPITO COCKTAIL,,Productos culturales en soporte físico
El Salto,https://www.elsaltodiario.com/,Consumo digital o online
Emotional Music,www.emotionalevents.es,"Consumo digital o online, Artes en vivo, patrimonio cultural y artes audiovisuales"
En Clave Joven SLU,,"Artes en vivo, patrimonio cultural y artes audiovisuales"
Engranajes Ciencia,https://engranajesciencia.com/,"Artes en vivo, patrimonio cultural y artes audiovisuales"
Engranajes Culturales,https://engranajesculturales.com/,"Artes en vivo, patrimonio cultural y artes audiovisuales"
Enterticket,https://www.enterticket.es/,"Artes en vivo, patrimonio cultural y artes audiovisuales"
Enterticket,https://www.enterticket.es/,"Artes en vivo, patrimonio cultural y artes audiovisuales"
ENTERTICKET,ENTERTICKET.ES,"Artes en vivo, patrimonio cultural y artes audiovisuales, Productos culturales en soporte físico"
ENTRADAS A TU ALCANCE,https://www.entradasatualcance.com/,"Consumo digital o online, Artes en vivo, patrimonio cultural y artes audiovisuales"
ENTRADAS CANARIAS,www.entradascanarias.com,"Artes en vivo, patrimonio cultural y artes audiovisuales"
entradas.com,https://www.entradas.com/campaign/bono-cultural-joven,"Consumo digital o online, Artes en vivo, patrimonio cultural y artes audiovisuales"
entradas.com,https://www.entradas.com/event/festival-folklores-auditorio-nacional-de-musica-de-madrid-20405431/?affiliate=BCJ,"Consumo digital o online, Artes en vivo, patrimonio cultural y artes audiovisuales"
Entradas Engranajes,https://entradasengranajes.com/,"Artes en vivo, patrimonio cultural y artes audiovisuales"
entradas.factoryprem.es,,"Artes en vivo, patrimonio cultural y artes audiovisuales"
Entradas Festival Reacciona - Codetickets,https://entradas.codetickets.com/entradas/festival-reacciona?lang=ca_ES,Consumo digital o online
Entradas Humo Internacional,https://entradas.humointernacional.com,"Artes en vivo, patrimonio cultural y artes audiovisuales, Productos culturales en soporte físico"
ENTRADAS IBERCAJA ,https://entradas.ibercaja.es/,"Artes en vivo, patrimonio cultural y artes audiovisuales"
Entradas Olmedo,https://www.entradasolmedo.com/,"Artes en vivo, patrimonio cultural y artes audiovisuales"
EntradasyTickets,https://www.entradasytickets.com,"Artes en vivo, patrimonio cultural y artes audiovisuales, Productos culturales en soporte físico"
entradium,https://entradium.com/es,"Artes en vivo, patrimonio cultural y artes audiovisuales"
Entrapolis,https://www.entrapolis.com/,"Artes en vivo, patrimonio cultural y artes audiovisuales, Productos culturales en soporte físico"
ENTRERIOS FESTIVAL ,https://www.entreriosfestival.com/,"Artes en vivo, patrimonio cultural y artes audiovisuales"
ENTRESUEÑOS PAPELERÍA Y LIBRERÍA,,Productos culturales en soporte físico
erregueté,,Productos culturales en soporte físico
Escena Online,https://cuatroochenta.com/escena-online-sistema-de-venta-de-entradas/,Consumo digital o online
ESPACIO INESTABLE,,"Artes en vivo, patrimonio cultural y artes audiovisuales"
Espazo Lector Nobel O Pontillón,,Productos culturales en soporte físico
Es Raconet,,Productos culturales en soporte físico
Estaciones Sonoras,www.estacionessonoras.com,"Artes en vivo, patrimonio cultural y artes audiovisuales"
Eventick,https://entradas.eventick.es/event/157/174,"Consumo digital o online, Artes en vivo, patrimonio cultural y artes audiovisuales, Productos culturales en soporte físico"
Eventsentradas,https://www.eventsentradas.com/,"Artes en vivo, patrimonio cultural y artes audiovisuales"
Excelentia Música,https://fundacionexcelentia.koobin.com/,"Artes en vivo, patrimonio cultural y artes audiovisuales"
FAR València,https://www.farvalencia.es/,"Artes en vivo, patrimonio cultural y artes audiovisuales"
FERIA DEL TORO,www.feriadeltoro.com,"Artes en vivo, patrimonio cultural y artes audiovisuales"
FERSI,www.libreriafersi.com,Productos culturales en soporte físico
FESTIVAL ALMA BARCELONA WEB,https://almafestival.info/barcelona/,"Artes en vivo, patrimonio cultural y artes audiovisuales"
Festival Arena,api.premiumguest.com,Consumo digital o online
Festival de Jazz de Vitoria-Gasteiz,www.jazzvitoria.com,"Consumo digital o online, Artes en vivo, patrimonio cultural y artes audiovisuales, Productos culturales en soporte físico"
FESTIVAL DE LES ARTS,www.festivaldelesarts.com,"Artes en vivo, patrimonio cultural y artes audiovisuales"
Festival In-Edit,https://es.in-edit.org/,"Artes en vivo, patrimonio cultural y artes audiovisuales"
FESTIVAL MIL·LENNI WEB,https://www.festival-millenni.com/ca/,"Artes en vivo, patrimonio cultural y artes audiovisuales"
Festival Moritz Feed Dog,https://moritz.feeddog.org/,"Artes en vivo, patrimonio cultural y artes audiovisuales"
Festival Sonar,,"Artes en vivo, patrimonio cultural y artes audiovisuales"
Fever Up,https://kaloramamadrid.com/tickets/,"Artes en vivo, patrimonio cultural y artes audiovisuales, Productos culturales en soporte físico"
FILMIN,www.filmin.es,Consumo digital o online
FMS ESPAÑA,https://fms.tv/,"Artes en vivo, patrimonio cultural y artes audiovisuales"
FOURVENUES,WWW.FOURVENUES.COM,"Artes en vivo, patrimonio cultural y artes audiovisuales"
Franz Schubert Filharmonia,https://franzschubertfilh.com/es/,"Artes en vivo, patrimonio cultural y artes audiovisuales"
Fundació Joan Miró,www.fmirobcn.org,"Artes en vivo, patrimonio cultural y artes audiovisuales"
fundacionorcam.koobin.com,https://fundacionorcam.koobin.com/,"Artes en vivo, patrimonio cultural y artes audiovisuales"
Getxo Zinemak,https://getxozinemak.sacatuentrada.es/,"Artes en vivo, patrimonio cultural y artes audiovisuales"
GETXO ZINEMAK,,"Artes en vivo, patrimonio cultural y artes audiovisuales"
"GIL SOTO, SL",,Productos culturales en soporte físico
GLOBALENTRADAS,https://www.globalentradas.com,"Artes en vivo, patrimonio cultural y artes audiovisuales"
GRANADA SOUND,https://granadasound.com/,"Artes en vivo, patrimonio cultural y artes audiovisuales"
GRAN RESERVA FESTIVAL ,https://www.granreservafestival.es,"Artes en vivo, patrimonio cultural y artes audiovisuales"
Grupo editorial JavIsa23,grupoeditorialjavisa23.com,"Consumo digital o online, Productos culturales en soporte físico"
Grupo Talía - Online,www.grupotalia.org,"Artes en vivo, patrimonio cultural y artes audiovisuales"
Henneo,,Consumo digital o online
HFMNCREW,http://tickets.hfmncrew.com,"Artes en vivo, patrimonio cultural y artes audiovisuales"
Hibridafest,www.Hibridafest.com,"Artes en vivo, patrimonio cultural y artes audiovisuales"
HOLIKA FESTIVAL ,https://www.holika.es/,"Artes en vivo, patrimonio cultural y artes audiovisuales"
https://backstageon.com,https://backstageon.com,"Artes en vivo, patrimonio cultural y artes audiovisuales"
https://circlassica.es/gira/,,"Artes en vivo, patrimonio cultural y artes audiovisuales"
https://itacacultura.koobin.com/,https://www.itacacultura.cat/,"Artes en vivo, patrimonio cultural y artes audiovisuales"
https://springalicante.es/,https://springalicante.es/,"Artes en vivo, patrimonio cultural y artes audiovisuales"
https://ticketocio.es/,https://ticketocio.es/,"Consumo digital o online, Artes en vivo, patrimonio cultural y artes audiovisuales"
https://tienda.rbarevistas.com/,,Consumo digital o online
https://www.sonoramaribera.com/bonocultural/,https://www.sonoramaribera.com/,"Artes en vivo, patrimonio cultural y artes audiovisuales"
ibercaja,https://transaction.pagacomoquieras.es/,"Artes en vivo, patrimonio cultural y artes audiovisuales"
Ibercaja 2,https://Entradas.ibercaja.es,"Artes en vivo, patrimonio cultural y artes audiovisuales"
Iboga Experience,https://iboga.es/,"Artes en vivo, patrimonio cultural y artes audiovisuales"
IBOLELE PRODUCCIONES,WWW.IBOLELEPRODUCCIONES.COM,"Artes en vivo, patrimonio cultural y artes audiovisuales"
IBOLELE PRODUCCIONES,WWW.IBOLELEPRODUCCIONES.COM,"Artes en vivo, patrimonio cultural y artes audiovisuales"
ICONICA SANTALUCIA SEVILLA FEST,https://iconicafest.com/,"Artes en vivo, patrimonio cultural y artes audiovisuales"
INGRESSE INGRESSOS PARA EVENTOS,www.ingresse.com,"Artes en vivo, patrimonio cultural y artes audiovisuales"
INSTATICKET,WWW.instanticket.es,"Artes en vivo, patrimonio cultural y artes audiovisuales"
Intempestivos,,Productos culturales en soporte físico
INTERESTELAR SEVILLA,www.interestelarsevilla.com,"Artes en vivo, patrimonio cultural y artes audiovisuales"
Intromúsica Tickets,https://tickets.intromusica.com/entradas/es/listaEventos,"Artes en vivo, patrimonio cultural y artes audiovisuales"
Intromúsica Tickets,https://tickets.intromusica.com/entradas/es/bella-festival-marbella,"Artes en vivo, patrimonio cultural y artes audiovisuales"
inverfest,www.inverfest.com,"Artes en vivo, patrimonio cultural y artes audiovisuales"
inverfest,www.inverfest.com,"Artes en vivo, patrimonio cultural y artes audiovisuales"
INVERFEST,,"Artes en vivo, patrimonio cultural y artes audiovisuales"
IRUÑA ROCK FESTIVAL,www.irunarock.com,"Artes en vivo, patrimonio cultural y artes audiovisuales"
JACKIES MUSIC,https://es.ra.co/promoters/72357,"Artes en vivo, patrimonio cultural y artes audiovisuales"
Jardín Botánico,,"Consumo digital o online, Artes en vivo, patrimonio cultural y artes audiovisuales, Productos culturales en soporte físico"
"KATHEDRA LIBRERIA UNIVERSITARIA, S.L.",,Productos culturales en soporte físico
k-boo.es,k-boo.es,Productos culturales en soporte físico
khvinylstore,https://www.khvinylstore.com/,"Consumo digital o online, Artes en vivo, patrimonio cultural y artes audiovisuales, Productos culturales en soporte físico"
Kibook Ediciones,https://kibookediciones.com/,Productos culturales en soporte físico
KineTike,,"Artes en vivo, patrimonio cultural y artes audiovisuales"
Knowmadas Books,https://www.knowmadasbooks.es,Productos culturales en soporte físico
KOEKOE,,Productos culturales en soporte físico
KOPIARAN,www.kopiaran.es,Productos culturales en soporte físico
Kowalski Cosas Bellas Artes Etc.,www.kowalskicosasbellasartes.com,Productos culturales en soporte físico
L90S VALENCIA,https://lovethe90svalencia.sharemusic.es/,"Artes en vivo, patrimonio cultural y artes audiovisuales"
LA CALENDULA ,,Productos culturales en soporte físico
La Casa del Ajedrez,www.lacasadelajedrez.com,Productos culturales en soporte físico
LA CIUTAT INVISIBLE,www.invisible.coop,Productos culturales en soporte físico
La Feria Papelerías S.l.,,Productos culturales en soporte físico
LA JARA FESTIVAL,https://jarafestival.vivetix.com/es/entradas-la-jara-festival-2o-edicion-pssn?s=link,"Artes en vivo, patrimonio cultural y artes audiovisuales"
LA LLAR DEL LLIBRE- EL DIDOT,,Productos culturales en soporte físico
La Madriguera,lamadriguerashop.com,Productos culturales en soporte físico
La Mar de Libros,,Productos culturales en soporte físico
LANNA ELECTRONIC FESTIVAL,https://www.enterticket.es/eventos/lanna-festival-2025-414991,"Artes en vivo, patrimonio cultural y artes audiovisuales"
laopinioncoruna.es,,"Consumo digital o online, Productos culturales en soporte físico"
LA OPINION DE MURCIA,,Consumo digital o online
La ruta de las ilusiones,https://larutadelasilusiones.com,"Artes en vivo, patrimonio cultural y artes audiovisuales"
La Singratalla,www.lasingratalla.com,Productos culturales en soporte físico
LA TIENDA NAVA,,Productos culturales en soporte físico
LA TRIBUNA DE GUADALAJARA,,"Consumo digital o online, Productos culturales en soporte físico"
la verdad on plus,LAVERDAD.ES,"Consumo digital o online, Productos culturales en soporte físico"
LA VILLARROEL https://www.lavillarroel.cat,https://www.lavillarroel.cat/ca/,"Artes en vivo, patrimonio cultural y artes audiovisuales"
Libería Papelería PÁBEL,,"Artes en vivo, patrimonio cultural y artes audiovisuales, Productos culturales en soporte físico"
Librería AQUARELA,http://www.aquarelalibreria.es/,Productos culturales en soporte físico
LIBRERIA ARJÉ,,Productos culturales en soporte físico
LIBRERÍA ASTRID,www.libreriaastrid.com,"Consumo digital o online, Productos culturales en soporte físico"
LIBRERIA AZORIN ,www.libreriaazorin.es,Productos culturales en soporte físico
LIBRERIA BAKAKAI,,Productos culturales en soporte físico
LIBRERIA BURMA,,Productos culturales en soporte físico
LIBRERIA CAPICUA,,Productos culturales en soporte físico
LIBRERIA CASA PEPE,,Productos culturales en soporte físico
LIBRERIA CASTILLON VICTOR CASTILLON OLIVAR,www.libreriacastillon.com,Productos culturales en soporte físico
LIBRERIA CLIP,,Productos culturales en soporte físico
LIBRERÍA CLIP,,Productos culturales en soporte físico
LIBRERIA COLON,www.libreriacolon.es,Productos culturales en soporte físico
LIBRERIA CONTO CONTIÑO,,Productos culturales en soporte físico
Librería Crespo,,Productos culturales en soporte físico
Librería Cuentos en la Cabeza,www.cuentosenlacabeza.com,Productos culturales en soporte físico
LIBRERIA DURÁN,,Productos culturales en soporte físico
LIBRERIA EGUZKI,,Productos culturales en soporte físico
Libreria El Atril,,Productos culturales en soporte físico
LIBRERIA ENDRINO,,Productos culturales en soporte físico
Librería En las nubes,,Productos culturales en soporte físico
Librería Galaica,,Productos culturales en soporte físico
LIBRERIA GOYCA,,Productos culturales en soporte físico
LIBRERIA IGLESIAS,,Productos culturales en soporte físico
"LIBRERIA KAIROS, S.L.",,Productos culturales en soporte físico
Librería La Crisálida,https://lacrisalidalee.com/,Productos culturales en soporte físico
Librería La Luciérnaga,,Productos culturales en soporte físico
LIBRERÍA LA MAR DE LETRAS,,Productos culturales en soporte físico
LIBRERIA LAS DOS VIAS,,Productos culturales en soporte físico
LIBRERIA LA TIJERA,,Productos culturales en soporte físico
Librería La voz de la verdad,,Productos culturales en soporte físico
LIBRERÍA LIBRERALIA,,Productos culturales en soporte físico
LIBRERIA LOROÑO LACIANA,,Productos culturales en soporte físico
Librería Luar,,Productos culturales en soporte físico
Libreria Luis,,Productos culturales en soporte físico
LIBRERIA  MARTIN GALLEGO,,Productos culturales en soporte físico
Librería N. Áncora,,Productos culturales en soporte físico
Librería Nau Llibres,www.naullibres.com,Productos culturales en soporte físico
Librería Nemo,,Productos culturales en soporte físico
LIBRERIA O COLEXIO,,Productos culturales en soporte físico
Libreria Olmata,www.libreriaolmata.es,Productos culturales en soporte físico
LIBRERIA OXFORD,,Productos culturales en soporte físico
Libreria Pablos,,Productos culturales en soporte físico
Libreria Palabras,,Productos culturales en soporte físico
LIBRERIA PAPELERIA AB,,Productos culturales en soporte físico
Librería Papelería Barqueros,https://tienda.libreriabarqueros.com/es/,Productos culturales en soporte físico
Librería Papelería Juguetería GAMA,,Productos culturales en soporte físico
LIBRERIA PAPELERIA LAS RAMBLAS,,Productos culturales en soporte físico
LIBRERIA PAPELERIA MEDINA,,Productos culturales en soporte físico
LIBRERIA PAPELERIA PAPELIS,www.papelis.es,Productos culturales en soporte físico
LIBRERIA-PAPELERIA SANMARTIN,,Productos culturales en soporte físico
LIBRERIA PAPELERIA TOGA,,Productos culturales en soporte físico
Librería Papelería Universal,,Productos culturales en soporte físico
Librería París,,Productos culturales en soporte físico
Libreria Puente Nuevo,,Productos culturales en soporte físico
Librería Puerto Gragera,puertogragera.com,Productos culturales en soporte físico
Libreria Pulgarcito,,Productos culturales en soporte físico
LIBRERÍA REBOLLO,,Productos culturales en soporte físico
LIBRERÍA REFOXOS,,Productos culturales en soporte físico
Librería Retahílas,En construcción,Productos culturales en soporte físico
LIBRERIA SAN EUTROPIO,,Productos culturales en soporte físico
Librería Soños en papel,,Productos culturales en soporte físico
Librerías París-Valencia web,https://parisvalencia.com/,Productos culturales en soporte físico
LIBRERIA TAO,,Productos culturales en soporte físico
LIBRERIA TROA TIENDA UNIVERSIDAD,,Productos culturales en soporte físico
Librería Un libro en mi maleta,,Productos culturales en soporte físico
LIBRERIA VENUS LOJA,,Productos culturales en soporte físico
LIBRERIA YORIK SL,,Productos culturales en soporte físico
Librería y Papelería GAMA,,Productos culturales en soporte físico
Libreria y Papeleria Parque del Sol,www.parquedelsol.es,Productos culturales en soporte físico
LIBRERIA YRAOLAGOITIA,,Productos culturales en soporte físico
Libros Ari,,Productos culturales en soporte físico
LINEUPMUSIC,https://lineupmusic.es/,"Artes en vivo, patrimonio cultural y artes audiovisuales"
LLIBRERIA ALTAIR S.L.,www.altair.es,Productos culturales en soporte físico
Llibreria Ditifet,,Productos culturales en soporte físico
Llibreria Gallissà,https://www.llibreriagallissa.com/es/,Productos culturales en soporte físico
"LLIBRERIA SENDAK, SCCL",,Productos culturales en soporte físico
Logiticket,https://logiticket.com,"Artes en vivo, patrimonio cultural y artes audiovisuales"
LOS LIBROS DE MINNY,WWW.LOSLIBROSDEMINNY.ES,Productos culturales en soporte físico
LOS LIBROS DE MINNY,WWW.LOSLIBROSDEMINNY.ES,Productos culturales en soporte físico
LOS LIRIOS LIBRERIA-DROGUERIA ,,Productos culturales en soporte físico
LOUISE MICHEL liburuak,www.louisemichelliburuak.net,Productos culturales en soporte físico
MACBA,,"Artes en vivo, patrimonio cultural y artes audiovisuales"
Mallorclub,www.mallorclub.com,"Artes en vivo, patrimonio cultural y artes audiovisuales"
Marcelino Fernández Rodríguez,,Productos culturales en soporte físico
MASqueTICKET,https://www.masqueticket.com/,"Artes en vivo, patrimonio cultural y artes audiovisuales"
Master Clases ,https://campusmasterclasses.com/,Consumo digital o online
"MEDIA MARKT 305,S.A. (Sabadell)",,Productos culturales en soporte físico
"MEDIA MARKT A CORUÑA VIDEO-TV-HIFI-ELEKTRO-COMPUTER-FOTO, S.A",,Productos culturales en soporte físico
MEDIA MARKT ALBACETE,,Productos culturales en soporte físico
"MEDIA MARKT BADAJOZ, S.A.U. ",,Productos culturales en soporte físico
MEDIA MARKT BARAKALDO S.A.,,Productos culturales en soporte físico
"MEDIA MARKT BILBAO-ZUBIARTE, S.A.",,Productos culturales en soporte físico
"MEDIA MARKT BILBONDO VIDEO-TV-HIFI-ELEKTRO-COMPUTER-FOTO, S.A ",,Productos culturales en soporte físico
"MEDIA MARKT CASTELLÓ DE LA PLANA VIDEO-TV-HIFI-ELEKTRO-COMPUTER-FOTO, S.A",,Productos culturales en soporte físico
MEDIA MARKT CORDOVILLA,,Productos culturales en soporte físico
"MEDIA MARKT E304, S.A.U ",,Productos culturales en soporte físico
"MEDIA MARKT EL PRAT VIDEO-TV-HIFI-ELEKTRO-COMPUTER-FOTO, S.A",,Productos culturales en soporte físico
"MEDIA MARKT HUELVA VIDEO-TV-HIFI-ELEKTRO-COMPUTER-FOTO, S.A",,Productos culturales en soporte físico
"MEDIA MARKT ISLAZUL MADRID, S.A.",,Productos culturales en soporte físico
"MEDIA MARKT JEREZ DE LA FRONTERA VIDEO-TV-HIFI-ELEKTRO-COMPUTER-FOTO, S.A",,Productos culturales en soporte físico
"MEDIA MARKT LAS ARENAS,S.A.",,Productos culturales en soporte físico
"MEDIA MARKT LEGANÉS VIDEO-TV-HIFI-ELEKTRO-COMPUTER-FOTO, S.A",,Productos culturales en soporte físico
MEDIA MARKT LOS BARRIOS,,Productos culturales en soporte físico
"MEDIA MARKT MALAGA-PLAZA MAYOR, S.A",,Productos culturales en soporte físico
"MEDIA MARKT MASSALFASSAR, S.A",,Productos culturales en soporte físico
"MEDIA MARKT ONLINE(DIGITAL STORE),SAU",,Productos culturales en soporte físico
"MEDIA MARKT ORIHUELA, S.A.",,Productos culturales en soporte físico
"MEDIA MARKT PALMA DE MALLORCA FAN, SA",,Productos culturales en soporte físico
"MEDIA MARKT PLAÇA CATALUNYA, S.A.",,Productos culturales en soporte físico
"MEDIA MARKT PUERTO REAL VIDEO-TV-HIFI-ELEKTRO-COMPUTER-FOTO, S.A",,Productos culturales en soporte físico
"MEDIA MARKT QUART DE POBLET, S.A.",,Productos culturales en soporte físico
"MEDIA MARKT SAN JUAN DE AZNALFARACHE VIDEO-TV-HIFI-ELEKTRO-COMPUTER-FOTO, S.A. ",,Productos culturales en soporte físico
"MEDIA MARKT SAN SEBASTIÁN DE LOS REYES VIDEO-TV-HIFI-ELEKTRO-COMPUTER-FOTO, S.A",,Productos culturales en soporte físico
"MEDIA MARKT SANTANDER VIDEO-TV-HIFI-ELEKTRO-COMPUTER-FOTO, S.A.U.",,Productos culturales en soporte físico
"MEDIA MARKT SEVILLA-SANTA JUSTA VIDEO-TV-HIFI-ELEKTRO-COMPUTER-FOTO, S.A",,Productos culturales en soporte físico
"MEDIA MARKT SIERO VIDEO-TV-HIFI-ELEKTRO-COMPUTER-FOTO, S.A",,Productos culturales en soporte físico
"MEDIA MARKT TELDE VIDEO-TV-HIFI-ELEKTRO-COMPUTER-FOTO, S.A",,Productos culturales en soporte físico
MEDIA MARKT TENERIFE,,Productos culturales en soporte físico
MEDIA MARKT TOLEDO S.A,,Productos culturales en soporte físico
MEDIA MARKT VIGO,,Productos culturales en soporte físico
"MEDIA MARKT ZARAGOZA PUERTO VENECIA VIDEO-TV-HIFI-ELEKTRO-COMPUTER-FOTO, S.A",,Productos culturales en soporte físico
Media Vaca,www.mediavaca.com,"Consumo digital o online, Artes en vivo, patrimonio cultural y artes audiovisuales, Productos culturales en soporte físico"
MEGARAMA SALAMANCA,,"Artes en vivo, patrimonio cultural y artes audiovisuales"
MESTURA,,Productos culturales en soporte físico
METROPOLITAN COMICS ,,Productos culturales en soporte físico
Mima Colors,www.mimacolors.es,Productos culturales en soporte físico
MITAQUILLA.COM,https://www.mitaquilla.com/,"Consumo digital o online, Artes en vivo, patrimonio cultural y artes audiovisuales"
M Moleiro Editor SA,https://www.moleiro.com/es/libros-de-arte.htm,Productos culturales en soporte físico
modiband@modiband.com,https://www.salamontjuic.org/,"Artes en vivo, patrimonio cultural y artes audiovisuales"
Monsterticket,https://www.monsterticket.com,"Artes en vivo, patrimonio cultural y artes audiovisuales"
Movingtickets.com,https://movingtickets.com/,"Artes en vivo, patrimonio cultural y artes audiovisuales"
MundoDN,https://mundodn.diariodenavarra.es/dnplus-bonocultural,Consumo digital o online
MUSEO,,"Artes en vivo, patrimonio cultural y artes audiovisuales"
Museo Guggenheim Bilbao,,"Artes en vivo, patrimonio cultural y artes audiovisuales"
Museu de l'Art Prohibit WEB,https://www.museuartprohibit.org/es,"Artes en vivo, patrimonio cultural y artes audiovisuales"
MUSEU INTERNACIONAL DEL TITELLA A CATALUNYA,,"Artes en vivo, patrimonio cultural y artes audiovisuales"
NANAIT PLATFORM S.L,entradas.nanaitapp.com,"Artes en vivo, patrimonio cultural y artes audiovisuales"
NANAIT PLATFORM S.L,entradas.nanaitplatform.com,"Artes en vivo, patrimonio cultural y artes audiovisuales"
Navalsonora 2025,https://navalsonora.com/?fbclid=PAZXh0bgNhZW0CMTEAAaYl_4O8LhKrLHDP2mZoHQVCWzy92VTfPdCVc67ljdM5iEM49KFaQoAV0yc_aem_BU9UDl_f1X5Pj_yuVKrYNw,"Artes en vivo, patrimonio cultural y artes audiovisuales"
Navarra LAN Party,www.navarralanparty.org,"Artes en vivo, patrimonio cultural y artes audiovisuales"
Ninos,,Productos culturales en soporte físico
NO HAY,www.openmusicfestival.es,"Artes en vivo, patrimonio cultural y artes audiovisuales"
NOTIKUMI,https://www.notikumi.com,"Artes en vivo, patrimonio cultural y artes audiovisuales"
OAK web,www.oakmusicfestival.com,"Artes en vivo, patrimonio cultural y artes audiovisuales"
O BARCO DE VALDEORRAS,,Productos culturales en soporte físico
Ochoymedio Live,www.ochoymedioclub.com/conciertos,"Artes en vivo, patrimonio cultural y artes audiovisuales"
ODEON MULTICINES BAHÍA PLAZA,,"Artes en vivo, patrimonio cultural y artes audiovisuales"
ODEON MULTICINES GIRONA,,"Artes en vivo, patrimonio cultural y artes audiovisuales"
ODEON MULTICINES GIRONA,,"Artes en vivo, patrimonio cultural y artes audiovisuales"
ODEON MULTICINES LEÓN,,"Artes en vivo, patrimonio cultural y artes audiovisuales"
ODEON MULTICINES PARQUE ASTUR,,"Artes en vivo, patrimonio cultural y artes audiovisuales"
ODEON MULTICINES SAMBIL,,"Artes en vivo, patrimonio cultural y artes audiovisuales"
ODEON MULTICINES TRES CANTOS,,"Artes en vivo, patrimonio cultural y artes audiovisuales"
ODISEA ESPACIO CULTURAL,,"Consumo digital o online, Artes en vivo, patrimonio cultural y artes audiovisuales, Productos culturales en soporte físico"
OEON MULTICINES NARÓN,,"Artes en vivo, patrimonio cultural y artes audiovisuales"
OFICINA,ibermusica.es,"Artes en vivo, patrimonio cultural y artes audiovisuales"
Oficina Chapela,,"Consumo digital o online, Productos culturales en soporte físico"
Oficina Vigo,,"Consumo digital o online, Productos culturales en soporte físico"
OFIGARENA,,Productos culturales en soporte físico
Omega - Librería para Mentes Inquietas,https://libreriaomega.es/,Productos culturales en soporte físico
Onetoro TV SPN SL,https://onetoro.tv/,Consumo digital o online
ON LINE,,Consumo digital o online
ONLINE TAQUILLA PLAZA DE TOROS,http://www.lamaestranza.es/,"Artes en vivo, patrimonio cultural y artes audiovisuales"
Online Teatro Principal de Maó,https://www.bacantix.com/Entradas/Default.aspx?id=mao,Productos culturales en soporte físico
ORQUESTA FILARMÓNICA DE GRAN CANARIA,,"Artes en vivo, patrimonio cultural y artes audiovisuales"
PAGINA WEB CAIDO Y SOLEDAD,www.torospozoblanco.com,"Artes en vivo, patrimonio cultural y artes audiovisuales"
PAGINA WEB CAMP PARTY,campartybierzo.com,"Artes en vivo, patrimonio cultural y artes audiovisuales"
PAGINA WEB OFICIAL,,"Artes en vivo, patrimonio cultural y artes audiovisuales"
PAGINA WEB ROIG ARENA,https://roigarena.com/,"Artes en vivo, patrimonio cultural y artes audiovisuales"
PAGINA WEB ROIG ARENA,https://roigarena.com/,"Artes en vivo, patrimonio cultural y artes audiovisuales, Productos culturales en soporte físico"
Página web Teatro Gayarre,www.teatrogayarre.com,"Artes en vivo, patrimonio cultural y artes audiovisuales"
PALAU ALTEA,https://www.palaualtea.es/,"Artes en vivo, patrimonio cultural y artes audiovisuales"
Panda Artist Management,https://www.musikaze.net/web/?menu=36&pagina=&siteID=pandaartist,"Artes en vivo, patrimonio cultural y artes audiovisuales"
PANDA CAPITAL SL,https://latinfest.es,"Artes en vivo, patrimonio cultural y artes audiovisuales"
PAPELERIA ALGABA,,Productos culturales en soporte físico
PAPELERIA ALOHOMORA,,Productos culturales en soporte físico
Papelería Delibes,,Productos culturales en soporte físico
papeleria elbo,,Productos culturales en soporte físico
PAPELERIA EL MOLINILLO,,Productos culturales en soporte físico
PAPELERIA EL PRADO,,Productos culturales en soporte físico
PAPELERIA LIBRERIA CARRERAS,,Productos culturales en soporte físico
PAPELERIA/LIBRERIA   LA CARTULINA,,Productos culturales en soporte físico
Papeleria - Libreria Sayma II,,Productos culturales en soporte físico
PAPELERIA MABS 29,,Productos culturales en soporte físico
PAPELERIA MALENI,,Productos culturales en soporte físico
Papelería Mayka,www.papeleriamayka.com,Productos culturales en soporte físico
Papeleria minfi,,Productos culturales en soporte físico
Parayas 38,,Productos culturales en soporte físico
PARRANDA PRODUCCIONES,https://parrandaproducciones.es/,"Consumo digital o online, Artes en vivo, patrimonio cultural y artes audiovisuales"
PAYPER - STRIPE,https://buy.stripe.com/6oU8wQgvCdWF3yD517efC06,Consumo digital o online
PC BOX LA SOLANA,,Consumo digital o online
PC BOX MANZANARES,,Consumo digital o online
Penguin Libros,https://www.penguinlibros.com/,"Consumo digital o online, Productos culturales en soporte físico"
Penguin Llibres,https://www.penguinllibres.com/,"Consumo digital o online, Productos culturales en soporte físico"
Peñón Rock,https://www.penonrock.es/,"Artes en vivo, patrimonio cultural y artes audiovisuales"
Pikara Magazine,https://www.pikaramagazine.com/,"Consumo digital o online, Productos culturales en soporte físico"
Planetario 2,https://planetariumgo.com/,"Artes en vivo, patrimonio cultural y artes audiovisuales"
Plastic Books,https://www.plastic-books.com,Productos culturales en soporte físico
PLataforma PATRONBASE,,"Artes en vivo, patrimonio cultural y artes audiovisuales"
Player vs Player,www.marketpvp.es,Productos culturales en soporte físico
PLAZA DE TOROS,,"Artes en vivo, patrimonio cultural y artes audiovisuales"
PLAZA DE TOROS DE PONTEVEDRA,,"Artes en vivo, patrimonio cultural y artes audiovisuales"
PRENSA SAN JOSE,,Productos culturales en soporte físico
PRENSA Y REVISTAS MARISOL,,Productos culturales en soporte físico
Primeiros Abonos Maré 2024,https://www.enterticket.es/eventos/festival-mare-musicas-e-artes-atlanticas-2024-747980,"Artes en vivo, patrimonio cultural y artes audiovisuales"
PUNTO DE VENTA QUIOSCO SEMINCI,,"Artes en vivo, patrimonio cultural y artes audiovisuales"
Punto e coma,,Productos culturales en soporte físico
QR4EVENTS,https://entradas.qr4events.com/,"Consumo digital o online, Artes en vivo, patrimonio cultural y artes audiovisuales"
QUIOSCO MUY DE LEER,MUYDELEER.COM,"Consumo digital o online, Productos culturales en soporte físico"
Quiosco virtual,www.revistafallera.com,"Consumo digital o online, Productos culturales en soporte físico"
Rara Avis,,Productos culturales en soporte físico
Rare tickets,www.raretickets.com,"Artes en vivo, patrimonio cultural y artes audiovisuales"
Real Orquesta Sinfónica de Sevilla,https://rossevilla.koobin.es/,"Artes en vivo, patrimonio cultural y artes audiovisuales, Productos culturales en soporte físico"
Re-Read Donostia Liburudenda,,Productos culturales en soporte físico
RESET MONTILLA,,"Consumo digital o online, Productos culturales en soporte físico"
Rock circus,,"Artes en vivo, patrimonio cultural y artes audiovisuales"
Sala El Sol,,"Artes en vivo, patrimonio cultural y artes audiovisuales"
Sala La Mirona,https://lamirona.cat/,"Artes en vivo, patrimonio cultural y artes audiovisuales"
SALA SCALA,https://salascala.com/,"Artes en vivo, patrimonio cultural y artes audiovisuales"
"Salas, Teatros, Espacios, TPV's, Webs",,"Artes en vivo, patrimonio cultural y artes audiovisuales"
"Salas, Teatros, Espacios, TPV's, Webs",,"Artes en vivo, patrimonio cultural y artes audiovisuales"
"Salas, Teatros, Espacios, TPV's, Webs",,"Artes en vivo, patrimonio cultural y artes audiovisuales"
"Salas, Teatros, Espacios, TPV's, Webs",,"Artes en vivo, patrimonio cultural y artes audiovisuales"
"Salas, Teatros, Espacios, TPV's, Webs",,"Artes en vivo, patrimonio cultural y artes audiovisuales"
See Tickets,,"Artes en vivo, patrimonio cultural y artes audiovisuales"
See Tickets,,"Artes en vivo, patrimonio cultural y artes audiovisuales"
See Tickets,,"Artes en vivo, patrimonio cultural y artes audiovisuales"
See Tickets,,"Artes en vivo, patrimonio cultural y artes audiovisuales"
See Tickets,,"Artes en vivo, patrimonio cultural y artes audiovisuales"
SELVATIKA,,"Artes en vivo, patrimonio cultural y artes audiovisuales"
SERVICOPI,,Productos culturales en soporte físico
SERVIENTRADAS.COM,SERVIENTRADAS.COM,"Consumo digital o online, Artes en vivo, patrimonio cultural y artes audiovisuales, Productos culturales en soporte físico"
SFAM FESTIVAL,https://sfamfestival.com/,"Artes en vivo, patrimonio cultural y artes audiovisuales"
SFX EVENTS,www.sfx-events.com,"Artes en vivo, patrimonio cultural y artes audiovisuales"
SHARE FESTIVAL BARCELONA,https://www.sharefestival.org/,"Artes en vivo, patrimonio cultural y artes audiovisuales"
Shotgun,https://shotgun.live/es,"Artes en vivo, patrimonio cultural y artes audiovisuales"
Shotgun,https://shotgun.live/es,"Artes en vivo, patrimonio cultural y artes audiovisuales"
SITGES - Festival Internacional de Cinema Fantàstic de Catalunya (Taquilles online),https://sitgesfilmfestival.com/,"Artes en vivo, patrimonio cultural y artes audiovisuales"
SOMIA VINS I LLIBRES,,Productos culturales en soporte físico
Spring Urban Soria,www.springurbansoria.es/entradas,"Consumo digital o online, Artes en vivo, patrimonio cultural y artes audiovisuales, Productos culturales en soporte físico"
Stripe Zentense,https://monegrosfestival.com/en/bono-cultural,"Artes en vivo, patrimonio cultural y artes audiovisuales"
StubHub International,www.stubhub.es,Consumo digital o online
suscripciones sport life,https://suscripciones.sportlifeiberica.es/,Productos culturales en soporte físico
SYS PRODUCCIONES,WWW.SYSPRODUCCIONES.COM,"Artes en vivo, patrimonio cultural y artes audiovisuales"
TABLAO FLAMENCO CORDOBES,,"Artes en vivo, patrimonio cultural y artes audiovisuales"
TAQUILLAS DEL CINE EN EL CENTRO DE OCIO MEGAOCIO,,"Artes en vivo, patrimonio cultural y artes audiovisuales"
TEATRE CONDAL https://www.teatrecondal.cat,www.teatrecondal.cat,"Artes en vivo, patrimonio cultural y artes audiovisuales"
TEATRE CONDAL https://www.teatrecondal.cat,www.teatrecondal.cat,"Artes en vivo, patrimonio cultural y artes audiovisuales"
TEATRE DE MANACOR,,"Artes en vivo, patrimonio cultural y artes audiovisuales"
TEATRE GOYA https://www.teatregoya.cat,www.teatregoya.cat,"Artes en vivo, patrimonio cultural y artes audiovisuales"
TEATRE ROMEA https://www.teatreromea.cat,https://www.teatreromea.cat/ca/,"Artes en vivo, patrimonio cultural y artes audiovisuales"
Teatre Tarragona Online,entrades.tarragona.cat,"Consumo digital o online, Artes en vivo, patrimonio cultural y artes audiovisuales, Productos culturales en soporte físico"
TEATRO AUDITORIO DE SAN LORENZO DE EL ESCORIAL,https://www.teatroauditorioescorial.es,"Artes en vivo, patrimonio cultural y artes audiovisuales"
TEATRO AUDITORIO FELIPE VI DE ESTEPONA,,"Artes en vivo, patrimonio cultural y artes audiovisuales"
TEATRO AUDITORIO JUAN PASCUAL DE MENA,www.villasecadelasagra.es,"Artes en vivo, patrimonio cultural y artes audiovisuales"
Teatro Avanti,www.teatroavanti.com,"Artes en vivo, patrimonio cultural y artes audiovisuales"
TEATRO CALDERON,,"Artes en vivo, patrimonio cultural y artes audiovisuales"
TEATRO CARRIÓN,www.teatrocarrion.com,"Artes en vivo, patrimonio cultural y artes audiovisuales, Productos culturales en soporte físico"
Teatro Cine Victor,,"Artes en vivo, patrimonio cultural y artes audiovisuales"
Teatro del Barrio,www.teatrodelbarrio.com,"Artes en vivo, patrimonio cultural y artes audiovisuales"
Teatro Flamenco Madrid,https://teatroflamencomadrid.com/,"Artes en vivo, patrimonio cultural y artes audiovisuales"
Teatro Flamenco Sevilla,https://teatroflamencosevilla.com/,"Artes en vivo, patrimonio cultural y artes audiovisuales"
TEATRO MUNICIPAL DE ARAHAL,,"Artes en vivo, patrimonio cultural y artes audiovisuales"
Teatro Musical Acrobalia,https://acrobalia.com/product/tickets/,"Artes en vivo, patrimonio cultural y artes audiovisuales"
Teatro Victoria Eugenia,,"Consumo digital o online, Artes en vivo, patrimonio cultural y artes audiovisuales, Productos culturales en soporte físico"
TECH & GAMES 2.0,,Productos culturales en soporte físico
Telecogresca,telecogresca.com,"Artes en vivo, patrimonio cultural y artes audiovisuales"
"TERRA MUSIC & EVENTS, SL",www.festivaljardinsterramar.com,"Artes en vivo, patrimonio cultural y artes audiovisuales"
Territorio Exea,,Productos culturales en soporte físico
The comic co,,Productos culturales en soporte físico
The Imagos ENTRADAS,https://theimagos.com/conciertos/,"Artes en vivo, patrimonio cultural y artes audiovisuales"
TICKEAME,http://Tickeame.com,"Artes en vivo, patrimonio cultural y artes audiovisuales"
TICKENTRADAS,www.tickentradas.com,"Artes en vivo, patrimonio cultural y artes audiovisuales"
Ticketmaster venta de entradas,www.ticketmaster.es,"Artes en vivo, patrimonio cultural y artes audiovisuales"
Ticketplus ,,"Artes en vivo, patrimonio cultural y artes audiovisuales"
TICKETVERSO,https://ticketverso.com,Consumo digital o online
Tickety,https://tickety.es,"Artes en vivo, patrimonio cultural y artes audiovisuales"
TICKETY,https://www.tickety.es,"Consumo digital o online, Artes en vivo, patrimonio cultural y artes audiovisuales"
tickex,www.tickex.live,"Artes en vivo, patrimonio cultural y artes audiovisuales"
Tictra,https://www.tictra.com/,Consumo digital o online
Tienda online,https://unsupportable-recordings.yourwebsitespace.com/store,"Artes en vivo, patrimonio cultural y artes audiovisuales"
Tienda online humointernacional.com,www.humointernacional.com,"Artes en vivo, patrimonio cultural y artes audiovisuales, Productos culturales en soporte físico"
TIXXLAB,https://www.tixxlab.com,"Artes en vivo, patrimonio cultural y artes audiovisuales"
Tomaticket,www.tomaticket.es,"Artes en vivo, patrimonio cultural y artes audiovisuales"
Tomaticket.es,,"Artes en vivo, patrimonio cultural y artes audiovisuales"
Toros y Espectáculos Hnos Durán,https://torosyespectaculoshnosduran.com/,"Artes en vivo, patrimonio cultural y artes audiovisuales"
TOTEM VERTIGO,,Productos culturales en soporte físico
TPV,www.lamonafest.com,"Artes en vivo, patrimonio cultural y artes audiovisuales"
TPV La Santa,enterticket.com,"Artes en vivo, patrimonio cultural y artes audiovisuales"
tpv VIRTUAL,WWW.CIRCODELOSHORRORES.COM,"Artes en vivo, patrimonio cultural y artes audiovisuales"
TPV VIRTUAL CINE MONCAYO,,"Artes en vivo, patrimonio cultural y artes audiovisuales"
TPV VIRTUAL TEATRO GAZTAMBIDE,,"Artes en vivo, patrimonio cultural y artes audiovisuales"
TRICENTER,www.tricenter.net,Productos culturales en soporte físico
Trui Teatre,,"Artes en vivo, patrimonio cultural y artes audiovisuales"
Turuletras,,Productos culturales en soporte físico
TUVIGO PLAN,https://vigoplan.com/,"Artes en vivo, patrimonio cultural y artes audiovisuales"
UKALARI MENORCA EVENTS,https://www.ukalarimenorcaevents.com/,"Artes en vivo, patrimonio cultural y artes audiovisuales"
Unchained Games,,Productos culturales en soporte físico
Venta Alpaka Fest Online,entradas.alpakafest.com,"Artes en vivo, patrimonio cultural y artes audiovisuales"
Venta Alpaka Fest Web,www.alpakafest.com,"Artes en vivo, patrimonio cultural y artes audiovisuales"
VENTA EN TAQUILLA,,"Artes en vivo, patrimonio cultural y artes audiovisuales"
Venta física,www.taquillacentral.com,Consumo digital o online
Venta on line,www.taquillacentral.com,Consumo digital o online
Venta On Line,,Productos culturales en soporte físico
VIÑA ROCK,https://www.vina-rock.com/,"Artes en vivo, patrimonio cultural y artes audiovisuales"
VIÑETAS COMIC TORREJON,,Productos culturales en soporte físico
VIVE FEST,https://www.mastaquilla.com/,Productos culturales en soporte físico
VIVE FEST,https://vivefestcanarias.com/#,Productos culturales en soporte físico
Web,https://ticketandroll.com,"Consumo digital o online, Artes en vivo, patrimonio cultural y artes audiovisuales, Productos culturales en soporte físico"
Web,www.pxplayers.com,Productos culturales en soporte físico
WEB,,"Artes en vivo, patrimonio cultural y artes audiovisuales"
WEB,https://www.yelmocines.es/,"Artes en vivo, patrimonio cultural y artes audiovisuales"
WEB,guarapo.es,"Artes en vivo, patrimonio cultural y artes audiovisuales"
WEB,www.espaitexas.cat,"Artes en vivo, patrimonio cultural y artes audiovisuales"
Web - Amy Producciones,www.amyproducciones.com,"Artes en vivo, patrimonio cultural y artes audiovisuales"
WEB ARTEMISLEON,www.artemisleon.com,Productos culturales en soporte físico
WEB BAMBU,www.editorialbambu.com,"Consumo digital o online, Productos culturales en soporte físico"
WEB B SIDE,,"Artes en vivo, patrimonio cultural y artes audiovisuales"
WEB CASALS,www.editorialcasals.com,"Consumo digital o online, Productos culturales en soporte físico"
WEB CINEMAX SAN FERNANDO PLAZA,https://cinemaxsanfernando.com/,"Artes en vivo, patrimonio cultural y artes audiovisuales"
WEB COMBEL,www.combeleditorial.com,"Consumo digital o online, Productos culturales en soporte físico"
WEB CRASH MUSIC,,"Artes en vivo, patrimonio cultural y artes audiovisuales"
Web El Fantasma de la ópera,https://musicalelfantasmadelaopera.com/,"Artes en vivo, patrimonio cultural y artes audiovisuales"
Web El Orden Mundial,,Consumo digital o online
Web farodevigo.es,,"Consumo digital o online, Productos culturales en soporte físico"
WEB OFICIAL,,"Artes en vivo, patrimonio cultural y artes audiovisuales"
WEB OFICIAL,www.filmsymphony.es,"Artes en vivo, patrimonio cultural y artes audiovisuales"
WEB OFICIAL,,"Artes en vivo, patrimonio cultural y artes audiovisuales"
Web oficinal,https://www.muwi.es/entradas/,"Artes en vivo, patrimonio cultural y artes audiovisuales"
"Web Oh, Salvaje",https://www.ohsalvaje.com,"Artes en vivo, patrimonio cultural y artes audiovisuales"
Web SFX,www.sfx-events.com,"Artes en vivo, patrimonio cultural y artes audiovisuales"
Web Teatre Poliorama,,"Artes en vivo, patrimonio cultural y artes audiovisuales"
web www.entradasinaem.es,,"Artes en vivo, patrimonio cultural y artes audiovisuales"
Web Xerez DFC,xerezdfc.com,Consumo digital o online
WEGOW,https://www.wegow.com/es-es/festivales/impacto-fest,"Artes en vivo, patrimonio cultural y artes audiovisuales"
Wild Punk Records Store,www.wildpunk.com,"Artes en vivo, patrimonio cultural y artes audiovisuales, Productos culturales en soporte físico"
woutick,woutick.com,"Artes en vivo, patrimonio cultural y artes audiovisuales"
www.ajedrez21.com,www.ajedrez21.com,"Consumo digital o online, Productos culturales en soporte físico"
www.area12alicante.es,www.area12alicante.es,"Artes en vivo, patrimonio cultural y artes audiovisuales"
www.auditoriolavallduixo.es,,"Artes en vivo, patrimonio cultural y artes audiovisuales"
www.auditoritorrent.com,,"Artes en vivo, patrimonio cultural y artes audiovisuales"
www.cinestudiodor.es,,"Artes en vivo, patrimonio cultural y artes audiovisuales"
WWW.COMPRALAENTRADA.COM,,"Artes en vivo, patrimonio cultural y artes audiovisuales"
www.ctickets.es ,www.ctickets.es,"Consumo digital o online, Artes en vivo, patrimonio cultural y artes audiovisuales"
www.decuento-online.es,,Productos culturales en soporte físico
www.emotionalevents.es,www.emotionalevents.es,"Artes en vivo, patrimonio cultural y artes audiovisuales"
www.festivaljardinsterramar.com,,"Artes en vivo, patrimonio cultural y artes audiovisuales"
www.hazen.es,www.hazen.es,Productos culturales en soporte físico
www.ibercamera.com,www.ibercamera.com,"Artes en vivo, patrimonio cultural y artes audiovisuales"
www.iquiosc.cat,,Productos culturales en soporte físico
www.laescaleradejacob.es,www.laescaleradejacob.es,"Artes en vivo, patrimonio cultural y artes audiovisuales"
www.lowfestival.es,www.lowfestival.es,"Artes en vivo, patrimonio cultural y artes audiovisuales"
www.mujerart.org,,"Consumo digital o online, Productos culturales en soporte físico"
www.polaragency.net,www.polaragency.net,"Artes en vivo, patrimonio cultural y artes audiovisuales"
www.teatrobreton.org,,"Artes en vivo, patrimonio cultural y artes audiovisuales"
www.thecomicco.com,,Productos culturales en soporte físico
www.tickescena.com,,"Artes en vivo, patrimonio cultural y artes audiovisuales"
www.TICKETS.LINGUAURBANA.COM,www.TICKETS.LINGUAURBANA.COM,"Artes en vivo, patrimonio cultural y artes audiovisuales"
www.tolemias.tv,,Consumo digital o online
www.vivaticket.es,www.vivaticket.es,"Artes en vivo, patrimonio cultural y artes audiovisuales"
www.warmupfestival.es,www.warmupfestival.es,"Artes en vivo, patrimonio cultural y artes audiovisuales"
xicos,,Productos culturales en soporte físico
ZEVRA FESTIVAL,,"Artes en vivo, patrimonio cultural y artes audiovisuales"
